"","name","AA","choline1","choline2","choline3","H2O2","slope_nA_uM","selectivity","coating","calibrationCondition","electrodeID","absSelectivity"
"1","1N5E_sept_1st_B.csv _1",67.3692068517914,172.930574215991,178.308150166857,147.246018310471,0,8.36881189123408,15.5278878183266,"1N5E","24_hours","electrode_3",15.5278878183266
"2","1N5E_sept_1st_B.csv _2",191.59792485805,159.630995605638,156.486729191281,97.8538758230156,4.54747350886464e-13,8.36881189123408,5.45987900014726,"1N5E","24_hours","electrode_4",5.45987900014726
"3","1N5E_sept_1st.csv _1",-41.5640023889961,107.940806618612,106.144467187499,97.6722717778468,-1.98951966012828e-13,5.20708551969686,-15.6598415107017,"1N5E","24_hours","electrode_1",15.6598415107017
"4","1N5E_sept_1st.csv _2",-2238.27647552793,-3.12310804516801,120.237347772889,132.57944223735,9.09494701772928e-13,5.20708551969686,-0.290797717385913,"1N5E","24_hours","electrode_2",0.290797717385913
"5","1N5E_sept_2nd_A.csv _1",-423.313250227243,87.4084783226938,100.940991762041,99.2798452281775,1.70530256582424e-13,4.81914468850389,-1.42304330360462,"1N5E","48_hours","electrode_1",1.42304330360462
"6","1N5E_sept_2nd_A.csv _2",-5581.68193078867,-78.0704602411261,129.068992853956,182.931132096835,-1.81898940354586e-12,4.81914468850389,-0.10792321983454,"1N5E","48_hours","electrode_2",0.10792321983454
"7","1N5E_sept2_B.csv _1",-252.357227293988,92.226495945596,58.7576953791464,81.5478779570458,1.13686837721616e-13,3.78176951612255,-1.8732223149869,"1N5E","48_hours","electrode_3",1.8732223149869
"8","1N5E_sept2_B.csv _2",798.371694619151,98.402057276179,59.8992092676183,67.6874492362508,0,3.78176951612255,0.592106649949335,"1N5E","48_hours","electrode_4",0.592106649949335
