"","name","AA","choline1","choline2","choline3","H2O2","slope_pA_uM","selectivity","coating","calibrationCondition","electrodeID","absSelectivity"
"1","1N5E_sept_1st.csv _1",-0.0415640023889961,0.107940806618612,0.106144467187499,0.0976722717778469,8.32667268468867e-17,0.00520708551969686,-15.6598415107017,"1N5E","24_hours","electrode_3",15.6598415107017
"2","1N5E_sept_1st.csv _2",-2.23827647552793,-0.00312310804516613,0.120237347772889,0.132579442237349,0,0.00520708551969686,-0.290797717385913,"1N5E","24_hours","electrode_4",0.290797717385913
"3","1N5E_sept_1st_B.csv _1",0.0673692068517912,0.172930574215991,0.178308150166857,0.147246018310471,1.11022302462516e-16,0.00836881189123408,15.5278878183267,"1N5E","24_hours","electrode_1",15.5278878183267
"4","1N5E_sept_1st_B.csv _2",0.19159792485805,0.159630995605637,0.156486729191281,0.0978538758230159,0,0.00836881189123408,5.45987900014726,"1N5E","24_hours","electrode_2",5.45987900014726
"5","1N5E_sept_2nd_A.csv _1",-0.423313250227242,0.0874084783226937,0.100940991762041,0.0992798452281776,-1.11022302462516e-16,0.00481914468850388,-1.42304330360462,"1N5E","48_hours","electrode_1",1.42304330360462
"6","1N5E_sept_2nd_A.csv _2",-5.58168193078867,-0.0780704602411273,0.129068992853957,0.182931132096833,0,0.00481914468850388,-0.10792321983454,"1N5E","48_hours","electrode_2",0.10792321983454
"7","1N5E_sept2_B.csv _1",-0.252357227293988,0.092226495945596,0.0587576953791464,0.0815478779570458,5.55111512312578e-17,0.00378176951612255,-1.8732223149869,"1N5E","48_hours","electrode_3",1.8732223149869
"8","1N5E_sept2_B.csv _2",0.79837169461915,0.0984020572761795,0.059899209267618,0.0676874492362509,0,0.00378176951612255,0.592106649949335,"1N5E","48_hours","electrode_4",0.592106649949335
