"","name","AA","choline1","choline2","choline3","H2O2","slope_pA_uM","selectivity","coating","calibrationCondition","electrodeID","absSelectivity"
"1","2N5E_Sept7_A_24hr.csv _1",-0.00238075120816422,0.210057772048188,0.202850906477111,0.196330674309779,0,0.0101528448249117,-533.069393711475,"2N5E","24_hours","electrode_1",533.069393711475
"2","2N5E_Sept7_A_24hr.csv _2",0.191032546032952,0.484391046490304,0.475405942618907,0.539284472340375,0,0.0101528448249117,6.64339993089476,"2N5E","24_hours","electrode_2",6.64339993089476
"3","2N5E_Sept7_B_24hours.csv _1",0.0576588765150676,0.442096771682921,0.408287278937405,0.31676765001518,0,0.0195487119042196,42.3801006144975,"2N5E","24_hours","electrode_3",42.3801006144975
"4","2N5E_Sept7_B_24hours.csv _2",-0.284603474138392,-0.0409642213127057,0.0614175069130125,0.10119243750027,0,0.0195487119042196,-8.58594223217115,"2N5E","24_hours","electrode_4",8.58594223217115
